url,country,city,city_source,niche,platform,perf,a11y,best_practices,seo,LCP_ms,CLS,TBT_ms,FCP_ms,bytes,render_blocking,load_category,error
https://letscoolaircon.com.sg/,Singapore,Singapore,harvest,hvac,WordPress,26,77,88,92,10817,0,1207,4870,6427636,,SLOW,
https://www.billyaircon.com.sg/,Singapore,Singapore,harvest,hvac,unknown,87,96,100,100,2783,0,172,2708,1210292,,FAST,
https://coolaircon.sg/,Singapore,Singapore,harvest,hvac,unknown,65,96,100,100,4651,0,680,1688,1437896,,FAST,
https://lioncityaircon.sg/,Singapore,Singapore,harvest,hvac,WordPress,90,100,100,100,3490,0,0,1322,308855,,FAST,
https://www.weiweiaircon.com.sg/,Singapore,Singapore,harvest,hvac,WordPress,47,73,92,92,25145,0,341,14723,5761489,,,
https://www.hengaircon.com/,Singapore,Singapore,harvest,hvac,WordPress,69,83,96,100,5103,0,0,3065,783319,,SLOW,
http://www.drpenguinaircon.sg/,Singapore,Singapore,harvest,hvac,WordPress,54,83,74,92,36336,0,52,24645,7469030,,,
https://www.freezyaircon.com/,Singapore,Singapore,harvest,hvac,,100,73,96,36,760,0,0,760,13616,,,
https://aircon-service.com.sg/,Singapore,Singapore,harvest,hvac,WordPress,65,84,96,100,6921,0,48,3482,1166826,,,
http://www.benzoolservices.com.sg/,Singapore,Singapore,harvest,hvac,,,,,,,,,,,,,failed after retries
https://citycoolingengr.com.sg/,Singapore,Singapore,harvest,hvac,WordPress,46,84,92,92,10714,0,504,3602,2973061,,,
https://neighbourhooddentalsurgery.lovable.app/,Singapore,Singapore,harvest,dental,unknown,78,100,100,100,3139,0,0,3139,219322,,,
http://www.gentledental.com.sg/,Singapore,Singapore,harvest,dental,Squarespace,49,95,78,85,30137,0,309,8015,5857395,,,
https://www.dentaldesigns.com.sg/,Singapore,Singapore,harvest,dental,unknown,70,92,96,100,2622,0,621,2190,20514364,,AVERAGE,
http://www.gentlesmiledentalstudio.com.sg/,Singapore,Singapore,harvest,dental,WordPress,27,87,81,85,17311,0,2287,5072,5691868,,SLOW,
http://www.greenlifedental.com.sg/,Singapore,Singapore,harvest,dental,WordPress,56,82,81,92,8461,0,73,4777,3546870,,SLOW,
https://www.anewdentalsg.com/,Singapore,Singapore,harvest,dental,,88,94,96,40,3491,0,9,2311,236374,,,
https://www.dentalis.clinic/,Singapore,Singapore,harvest,dental,unknown,53,87,96,100,5710,0,573,4505,3087355,,AVERAGE,
https://drmiketeoh.com/,Singapore,Singapore,harvest,dental,WordPress,55,86,100,85,18912,0,173,5030,4172270,,,
https://www.burlinsondental.com/,Singapore,Singapore,harvest,dental,WordPress,53,92,73,92,6455,0,557,3306,3320511,,,
https://elementsdental.com.sg/,Singapore,Singapore,harvest,dental,WordPress,89,87,96,92,3529,0,0,1871,445575,,,
https://www.mybracesclinic.com/,Singapore,Singapore,harvest,dental,WordPress,39,86,92,85,23116,0,688,6151,5150093,,SLOW,
https://www.physiox.com.sg/,Singapore,Singapore,harvest,physio,,59,69,96,85,9376,0,16,5692,3694391,,,
https://heartlandphysio.com.sg/,Singapore,Singapore,harvest,physio,WordPress,83,92,100,92,3478,0,0,3032,461816,,,
https://saldorehab.com/,Singapore,Singapore,harvest,physio,WordPress,69,87,96,85,4051,0,371,3187,3038652,,,
https://www.edgehealthcare.com.sg/,Singapore,Singapore,harvest,physio,WordPress,35,75,96,85,18724,0,1100,3937,8341881,,SLOW,
https://physico.sg/,Singapore,Singapore,harvest,physio,unknown,78,96,100,100,4643,0,61,1050,2345068,,,
https://maisontherapy.com/,Singapore,Singapore,harvest,physio,unknown,37,86,77,85,14707,0,1878,1808,13394050,,,
https://www.benchmarkphysio.com/,Singapore,Singapore,harvest,physio,WordPress,92,88,100,100,2552,0,0,2102,393112,,,
https://www.acephysiosport.com/,Singapore,Singapore,harvest,physio,unknown,89,92,96,100,2941,0,282,1051,1224884,,,
https://www.singaporephysio.com/,Singapore,Singapore,harvest,physio,WordPress,64,86,92,92,12316,0,167,1518,3309438,,AVERAGE,
https://essentialphysio.sg/,Singapore,Singapore,harvest,physio,WordPress,39,70,100,85,12538,0,752,3156,2533861,,,
https://homy.sg/,Singapore,Singapore,harvest,realtor,,99,73,88,82,1667,0,0,1667,48104,,SLOW,
https://housed.sg/,Singapore,Singapore,harvest,realtor,WordPress,78,95,100,100,5009,0,175,1818,1769912,,,
https://www.mrboleh.sg/,Singapore,Singapore,harvest,realtor,Wix,58,99,77,100,8056,0,271,2548,3155025,,,
https://zacchen.sg/,Singapore,Singapore,harvest,realtor,,56,77,96,92,14252,0,0,10202,4103303,,,
https://www.leonardmichelleproperty.com/,Singapore,Singapore,harvest,realtor,,75,93,100,100,4262,0,0,3077,789129,,,
https://cynthiaquek.sg/,Singapore,Singapore,harvest,realtor,WordPress,57,90,100,100,11326,0,343,2050,2911459,,,
https://snrealestate.com.sg/,Singapore,Singapore,harvest,realtor,WordPress,55,61,58,92,42226,0,0,18376,9939507,,FAST,
https://www.jacqng.com/,Singapore,Singapore,harvest,realtor,Wix,54,87,100,100,6227,0,48,3002,3597748,,,
https://adrianlim.sg/,Singapore,Singapore,harvest,realtor,unknown,73,90,100,100,4351,0,282,1656,16088213,,,
https://ablesellproperty.sg/,Singapore,Singapore,harvest,realtor,unknown,78,94,100,100,3320,0,49,3320,3167479,,,
https://jacksheo.com/,Singapore,Singapore,harvest,realtor,WordPress,92,87,96,100,3389,0,6,1154,484230,,,
https://www.emmevisioncare.com/,Singapore,Singapore,harvest,optometrist,unknown,59,63,96,100,9149,0,172,4874,3574323,,,
https://kacee.sg/,Singapore,Singapore,harvest,optometrist,Shopify,71,82,92,92,4078,0,366,2134,2648051,,,
https://www.theeyeclinic.com.sg/,Singapore,Singapore,harvest,optometrist,Squarespace,61,91,100,92,4352,0,565,2702,2685806,,FAST,
http://kjoptoms.com/,Singapore,Singapore,harvest,optometrist,unknown,33,61,78,100,14841,0,307,4420,3984416,,,
https://justeyes.sg/,Singapore,Singapore,harvest,optometrist,unknown,73,86,100,100,5098,0,93,2859,644814,,,
https://nooneyewear.sg/,Singapore,Singapore,harvest,optometrist,WordPress,46,79,100,85,35706,0,392,3156,9781379,,,
https://sinchewoptics.com.sg/,Singapore,Singapore,harvest,optometrist,Shopify,61,89,96,92,10212,0,6,4289,2612038,,FAST,
https://www.ojooptometry.com/,Singapore,Singapore,harvest,optometrist,WordPress,32,80,92,77,19863,0,232,3835,6740029,,,
https://eyetheory.com.sg/,Singapore,Singapore,harvest,optometrist,Shopify,72,62,92,77,7162,0,5,2256,2141222,,,
https://www.peoplesoptics.com/,Singapore,Singapore,harvest,optometrist,unknown,71,93,100,92,6153,0,214,2232,6903617,,,
https://sightonomy.sg/,Singapore,Singapore,harvest,optometrist,Shopify,59,86,73,85,7538,0,178,4951,2358417,,AVERAGE,
