url,city,province,method,confidence,evidence
ashtonheating.ca,Courtice,ON,address_footer,high,"""Courtice, ON"" x3 | postal L1E 2L6"
bruinsplumbing.com,Sylvan Lake,AB,address_footer,high,"""Sylvan Lake, AB"" x7 | postal T4P 3Y6"
bsdhvac.com,Kingston,ON,address_footer,high,"""Kingston, ON"" x3 | postal K7P 0R8"
callawayplumbinganddrains.ca,Victoria,BC,address_footer,high,"""Victoria, BC"" x2 | postal V8T 4T3"
centralheatingontario.com,Barrie,ON,address_footer,high,"""Barrie, ON"" x9 | postal L4N 5J4"
clarkeplumbing.ca,Oshawa,ON,address_footer,high,"""Oshawa, ON"" x2 | postal L1H 3M3"
edcoplumbing.ca,Regina,SK,address_footer,high,"""Regina, SK"" x7 | postal S4N 4X3"
familyplumbing.ca,Regina,SK,address_footer,high,"""Regina, SK"" x3"
fullspectrumheating.ca,Kamloops,BC,address_footer,high,"""Kamloops, BC"" x3 | postal V1S 1J9"
holtonplumbing.ca,Mission,BC,address_footer,high,"""Mission, BC"" x6 | postal V2V 5H6"
integraplumbing.ca,Victoria,BC,address_footer,high,"""Victoria, BC"" x2"
kingsplumbingandheating.ca,John's,NL,address_footer,high,"""John's, NL"" x2 | postal A1E 3C9"
kzplumbingandheating.com,Windsor,ON,address_footer,high,"""Windsor, ON"" x2 | postal N8P 1Y7"
lodderbrothers.com,Guelph,ON,address_footer,high,"""Guelph, ON"" x2 | postal N1L 1G4"
myservicecompany.ca,Lethbridge,AB,address_footer,high,"""Lethbridge, AB"" x3 | postal T1J0E6"
onpointplumbingmb.com,Winnipeg,MB,address_footer,high,"""Winnipeg, MB"" x5 | postal R2L 0G8"
platinumplumbing.ca,Red Deer,AB,address_footer,high,"""Red Deer, AB"" x3"
practicalplumbing.ca,London,ON,address_footer,high,"""London, ON"" x2 | postal N6H 5L9"
ratherbeplumbing.com,Victoria,BC,address_footer,high,"""Victoria, BC"" x2 | postal V8X3R2"
riviera.nb.ca,Edmundston,NB,address_footer,high,"""Edmundston, NB"" x8 | postal E7A 2G9"
salmonplumbing.com,London,ON,address_footer,high,"""London, ON"" x2 | postal N5W 5M9"
saltirebc.ca,Kelowna,BC,address_footer,high,"""Kelowna, BC"" x2"
sarahbinab.com,Saanich,BC,address_footer,high,"""Saanich, BC"" x2 | postal V9E 1J3"
saskrealty.ca,Saskatoon,SK,address_footer,high,"""Saskatoon, SK"" x2 | postal S7J 3L8"
shaunsangha.ca,Vancouver,BC,address_footer,high,"""Vancouver, BC"" x2 | postal V6C 3P6"
spencerschoen.com,Vancouver,BC,address_footer,high,"""Vancouver, BC"" x2 | postal V6M 1R8"
waderobertsplumbing.com,Victoria,BC,address_footer,high,"""Victoria, BC"" x2 | postal V8M 2A6"
wbplumbing.ca,Barrie,ON,address_footer,high,"""Barrie, ON"" x2"
whistlerrealestatelistings.com,Pemberton,BC,address_footer,high,"""Pemberton, BC"" x3 | postal V8E 0B2"
whitewayplumbing.ca,Waterloo,ON,address_footer,high,"""Waterloo, ON"" x2 | postal N2V 1W1"
witherellplumbing.com,Sudbury,ON,address_footer,high,"""Sudbury, ON"" x4 | postal P3L1P7"
aircor.ca,Cambridge,ON,address_footer,approved,"""Cambridge, ON"" x1 | postal N3H 4W5"
alainaevansrealestate.com,Hamilton,ON,address_footer,approved,"""Hamilton, ON"" x1"
blairvmiller.com,Saskatoon,SK,address_footer,approved,"""Saskatoon, SK"" x1 | postal S7J 3L8"
brentjansenplumbing.com,Victoria,BC,address_footer,approved,"""Victoria, BC"" x1"
calljamie.ca,Vancouver,BC,address_footer,approved,"""Vancouver, BC"" x1 | postal V6H 3X5"
campbellcreek.ca,Kamloops,BC,address_footer,approved,"""Kamloops, BC"" x1"
christinelelond.com,Saskatoon,SK,address_footer,approved,"""Saskatoon, SK"" x1 | postal S7K 0R3"
cindysavino.com,Saskatoon,SK,address_footer,approved,"""Saskatoon, SK"" x1 | postal S7K 0R3"
dorabergen.com,West Vancouver,BC,address_footer,approved,"""West Vancouver, BC"" x1 | postal V7T 1C3"
expressplumbingandheating.ca,Red Deer,AB,address_footer,approved,"""Red Deer, AB"" x1 | postal T4N 7A6"
firstaidplumbingcorp.com,Toronto,ON,address_footer,approved,"""Toronto, ON"" x1 | postal M3A 2G2"
francoplumbing.ca,Moncton,NB,address_footer,approved,"""Moncton, NB"" x1 | postal E1C 9P8"
georgesplumbingandheating.ca,London,ON,address_footer,approved,"""London, ON"" x1 | postal N5Z 1Z3"
homesbylewis.com,Vancouver,BC,address_footer,approved,"""Vancouver, BC"" x1 | postal V6M 3W5"
infinitihvac.com,Kitchener,ON,address_footer,approved,"""Kitchener, ON"" x1 | postal N2B 3C9"
juliastauffer.ca,West Vancouver,BC,address_footer,approved,"""West Vancouver, BC"" x1 | postal V7V 1H9"
kathyharpellgroup.ca,Truro,NS,address_footer,approved,"""Truro, NS"" x1 | postal B2N 3A9"
kellimeckelborgrealty.com,Saskatoon,SK,address_footer,approved,"""Saskatoon, SK"" x1 | postal S7J 3L8"
kvamechanical.com,Kamloops,BC,address_footer,approved,"""Kamloops, BC"" x1 | postal V2B 7Z2"
legacygasworks.ca,Moncton,NB,address_footer,approved,"""Moncton, NB"" x1 | postal E1E 1C8"
lwrealty.ca,Kingston,ON,address_footer,approved,"""Kingston, ON"" x1 | postal K7P 0L8"
meghanlaing.com,Halifax,NS,address_footer,approved,"""Halifax, NS"" x1 | postal B3J0C6"
mrpipes.ca,Sudbury,ON,address_footer,approved,"""Sudbury, ON"" x1 | postal P3A 4Z6"
phillipsplumbingandheating.ca,Kelowna,BC,address_footer,approved,"""Kelowna, BC"" x1"
plumbersdirect.ca,Toronto,ON,address_footer,approved,"""Toronto, ON"" x1 | postal M6S 5A5"
plumbhartt.com,Vancouver,BC,address_footer,approved,"""Vancouver, BC"" x1"
popeplumbing.ca,London,ON,address_footer,approved,"""London, ON"" x1"
puresolutionltd.com,Kamloops,BC,address_footer,approved,"""Kamloops, BC"" x1"
pwplumbers.ca,Vancouver,BC,address_footer,approved,"""Vancouver, BC"" x1 | postal V4N 6Y9"
realestate-whistler.com,WHISTLER,BC,address_footer,approved,"""WHISTLER, BC"" x1 | postal V8E 1A5"
ringawayhvac.ca,Abbotsford,BC,address_footer,approved,"""Abbotsford, BC"" x1 | postal V4X 1T9"
roblough.com,Halifax,NS,address_footer,approved,"""Halifax, NS"" x1 | postal B3B 0C8"
scotthuangrealty.com,Vancouver,BC,address_footer,approved,"""Vancouver, BC"" x1 | postal V6J 1W8"
staceymrealty.ca,Rothesay,NB,address_footer,approved,"""Rothesay, NB"" x1 | postal E2E 2K9"
unionair.ca,Windsor,ON,address_footer,approved,"""Windsor, ON"" x1"
vancityplumbing.com,Maple Ridge,BC,address_footer,approved,"""Maple Ridge, BC"" x1 | postal V2W 0B9"
vanro.ca,West Vancouver,BC,address_footer,approved,"""West Vancouver, BC"" x1"
vuppie.com,Vancouver,BC,address_footer,approved,"""Vancouver, BC"" x1 | postal V6B 2Y5"
wellington-plumbing-hvac.com,Guelph,ON,address_footer,approved,"""Guelph, ON"" x1 | postal N1H 7M3"
huntsheating.com,,,address_postal_mismatch,rejected,"Halifax, NS vs postal C8C8C8"
megangallant.com,,,address_postal_mismatch,rejected,"Fredericton, NB vs postal C6C6C6"
