url,country,city,niche,missing,city_source,source_file
a1plumbingandheating.ca,Canada,unknown,hvac,city,unmapped,hvac_scores4b.csv
acgmplomberiechauffage.com,Canada,unknown,hvac,city,unmapped,hvac_fr_scores3.csv
afmplumbingheating.com,Canada,unknown,hvac,city,unmapped,hvac_scores2.csv
air-estrie.com,Canada,unknown,hvac,city,unmapped,hvac_fr_scores6.csv
airsolutionconfort.com,Canada,unknown,hvac,city,unmapped,hvac_fr_scores5.csv
andrewmilne.sutton.com/agent/106837/andrew-milne,Canada,unknown,realtor,city,unmapped,realtor_scores.csv
anneliesecairns.com,Canada,unknown,realtor,city,unmapped,realtor_scores.csv
annelin.sutton.com/agent/92040/anne-lin,Canada,unknown,realtor,city,unmapped,realtor_scores.csv
anthonyrautirealestate.com,Canada,unknown,realtor,city,unmapped,realtor_scores.csv
bishopsplumbing.ca,Canada,unknown,hvac,city,unmapped,hvac_scores4b.csv
bluekeynl.com/cody-walsh,Canada,unknown,realtor,city,unmapped,realtor_scores.csv
bonitahutchins.com,Canada,unknown,realtor,city,unmapped,realtor_scores.csv
borderplumbingandheating.com,Canada,unknown,hvac,city,unmapped,hvac_scores4b.csv
bridgeair.ca,Canada,unknown,hvac,city,unmapped,hvac_scores5b.csv
callbates.ca,Canada,unknown,hvac,city,unmapped,hvac_scores4b.csv
cambridgeplumbingandwaterconditioning.ca,Canada,unknown,hvac,city,unmapped,hvac_scores4a.csv
centennialplumbing.com,Canada,unknown,hvac,city,unmapped,hvac_scores3.csv
cjplumbingheating.ca,Canada,unknown,hvac,city,unmapped,hvac_scores5b.csv
climathermocpl.ca,Canada,unknown,hvac,city,unmapped,hvac_fr_scores5.csv
climatisation-chauffage-blainville.cshq.ca,Canada,unknown,hvac,city,unmapped,hvac_fr_scores3.csv
climatisationchauffageqc.com,Canada,unknown,hvac,city,unmapped,hvac_fr_scores1.csv
climatisationduplessis.com,Canada,unknown,hvac,city,unmapped,hvac_fr_scores5.csv
climatisationexpress.ca,Canada,unknown,hvac,city,unmapped,hvac_fr_scores4.csv
climatisationrepentigny.ca,Canada,unknown,hvac,city,unmapped,hvac_fr_scores2.csv
climatisationsp.com,Canada,unknown,hvac,city,unmapped,hvac_fr_scores1.csv
climatisationstfrancois.com,Canada,unknown,hvac,city,unmapped,hvac_fr_scores5.csv
climatpro.ca,Canada,unknown,hvac,city,unmapped,hvac_fr_scores2.csv
climxpert.ca,Canada,unknown,hvac,city,unmapped,hvac_fr_scores2.csv
clplumbing.ca,Canada,unknown,hvac,city,unmapped,hvac_scores5b.csv
courtneybush.royallepage.ca,Canada,unknown,realtor,city,unmapped,realtor_scores.csv
cvf.ca,Canada,unknown,hvac,city,unmapped,hvac_fr_scores6.csv
davidnguyen.realtor,Canada,unknown,realtor,city,unmapped,realtor_scores.csv
dawesnl.ca,Canada,unknown,hvac,city,unmapped,hvac_scores4b.csv
delexplumbing.ca,Canada,unknown,hvac,city,unmapped,hvac_scores3.csv
derekhundal.com,Canada,unknown,realtor,city,unmapped,realtor_scores.csv
donaldsonplumbingheating.ca,Canada,unknown,hvac,city,unmapped,hvac_scores5a.csv
downtownplumbing.ltd,Canada,unknown,hvac,city,unmapped,hvac_scores2.csv
drainstreaminc.com,Canada,unknown,hvac,city,unmapped,hvac_scores3.csv
dylanmeekrealty.com,Canada,unknown,realtor,city,unmapped,realtor_scores.csv
elizabethmcqueen.com,Canada,unknown,realtor,city,unmapped,realtor_scores.csv
erplumbingsolutions.com,Canada,unknown,hvac,city,unmapped,hvac_scores4a.csv
felteau.qc.ca,Canada,unknown,hvac,city,unmapped,hvac_fr_scores7.csv
fondasplumbing.com,Canada,unknown,hvac,city,unmapped,hvac_scores5b.csv
fortisheating.com,Canada,unknown,hvac,city,unmapped,hvac_scores5a.csv
gomarshal.com,Canada,unknown,hvac,city,unmapped,hvac_scores4b.csv
grahamcoade.sutton.com,Canada,unknown,realtor,city,unmapped,realtor_scores.csv
grantmechanicalinc.ca,Canada,unknown,hvac,city,unmapped,hvac_scores4a.csv
grmechanical.ca,Canada,unknown,hvac,city,unmapped,hvac_scores4b.csv
groupevvs.com,Canada,unknown,hvac,city,unmapped,hvac_fr_scores3.csv
halipad.com,Canada,unknown,realtor,city,unmapped,realtor_scores.csv
hammertownheatingandair.ca,Canada,unknown,hvac,city,unmapped,hvac_scores3.csv
heatprobc.ca,Canada,unknown,hvac,city,unmapped,hvac_scores5b.csv
hesseybros.ca,Canada,unknown,hvac,city,unmapped,hvac_scores4a.csv
hubleysplumbing.ca,Canada,unknown,hvac,city,unmapped,hvac_scores4b.csv
huntsheating.com,Canada,unknown,hvac,city,unmapped,hvac_scores2.csv
hupperefrigeration.com,Canada,unknown,hvac,city,unmapped,hvac_fr_scores5.csv
ifcclimatisation.com,Canada,unknown,hvac,city,unmapped,hvac_fr_scores4.csv
jasonbarbosa.com,Canada,unknown,realtor,city,unmapped,realtor_scores.csv
jbexpair.ca,Canada,unknown,hvac,city,unmapped,hvac_fr_scores7.csv
jbplumbingsk.ca,Canada,unknown,hvac,city,unmapped,hvac_scores4b.csv
jdsmultiservice.com,Canada,unknown,hvac,city,unmapped,hvac_fr_scores2.csv
julieprasad.com,Canada,unknown,realtor,city,unmapped,realtor_scores.csv
kristaklundert.com,Canada,unknown,realtor,city,unmapped,realtor_scores.csv
kwnb.ca/agents/danie-degrace,Canada,unknown,realtor,city,unmapped,realtor_scores.csv
kwnb.ca/agents/derick-jacques,Canada,unknown,realtor,city,unmapped,realtor_scores.csv
kwnb.ca/agents/melodie-dickson,Canada,unknown,realtor,city,unmapped,realtor_scores.csv
kwnb.ca/agents/tiffany-mcneill,Canada,unknown,realtor,city,unmapped,realtor_scores.csv
kylaeastcoastrealtor.ca,Canada,unknown,realtor,city,unmapped,realtor_scores.csv
kyromechanical.ca,Canada,unknown,hvac,city,unmapped,hvac_scores5a.csv
lajoiecvac.com,Canada,unknown,hvac,city,unmapped,hvac_fr_scores2.csv
lamantiaheating.com,Canada,unknown,hvac,city,unmapped,hvac_scores4a.csv
lauradoucette.com,Canada,unknown,realtor,city,unmapped,realtor_scores.csv
legendaryplumbing.ca,Canada,unknown,hvac,city,unmapped,hvac_scores5b.csv
leprohon.com,Canada,unknown,hvac,city,unmapped,hvac_fr_scores1.csv
mckaysheating.ca,Canada,unknown,hvac,city,unmapped,hvac_scores5a.csv
megangallant.com,Canada,unknown,realtor,city,unmapped,realtor_scores.csv
michaelgillan.ca,Canada,unknown,realtor,city,unmapped,realtor_scores.csv
mikestewart.ca,Canada,unknown,realtor,city,unmapped,realtor_scores.csv
nancytranrealtor.com,Canada,unknown,realtor,city,unmapped,realtor_scores.csv
novascotiarealtor.carrd.co,Canada,unknown,realtor,city,unmapped,realtor_scores.csv
opmechanical.ca,Canada,unknown,hvac,city,unmapped,hvac_scores2.csv
parkwoodrealty.ca,Canada,unknown,realtor,city,unmapped,realtor_scores.csv
plomberiefg.ca,Canada,unknown,hvac,city,unmapped,hvac_fr_scores2.csv
plumbersbc.ca,Canada,unknown,hvac,city,unmapped,hvac_scores2.csv
preetanjanrealtor.ca,Canada,unknown,realtor,city,unmapped,realtor_scores.csv
raymar.ca,Canada,unknown,realtor,city,unmapped,realtor_scores.csv
realtysimplified.ca,Canada,unknown,realtor,city,unmapped,realtor_scores.csv
reginaplumbing.net,Canada,unknown,hvac,city,unmapped,hvac_scores4b.csv
roneyplumbingandheating.ca,Canada,unknown,hvac,city,unmapped,hvac_scores5a.csv
saskatoonlifestyle.com,Canada,unknown,realtor,city,unmapped,realtor_scores.csv
saskwestmechanical.com,Canada,unknown,hvac,city,unmapped,hvac_scores3.csv
scottalan.ca,Canada,unknown,hvac,city,unmapped,hvac_scores4b.csv
scottrobinson.ca,Canada,unknown,realtor,city,unmapped,realtor_scores.csv
serviceplusexperts.com,Canada,unknown,hvac,city,unmapped,hvac_scores5b.csv
smdplumbing.ca,Canada,unknown,hvac,city,unmapped,hvac_scores5a.csv
steveyoungplumbing.ca,Canada,unknown,hvac,city,unmapped,hvac_scores4a.csv
sylviakarlos.com,Canada,unknown,realtor,city,unmapped,realtor_scores.csv
synergyheatingandcooling.com,Canada,unknown,hvac,city,unmapped,hvac_scores5a.csv
techniclim.ca,Canada,unknown,hvac,city,unmapped,hvac_fr_scores2.csv
thermobec.ca,Canada,unknown,hvac,city,unmapped,hvac_fr_scores2.csv
thewhistleragent.com,Canada,unknown,realtor,city,unmapped,realtor_scores.csv
tysoullrealtor.com,Canada,unknown,realtor,city,unmapped,realtor_scores.csv
vandiermenandsonsheatingandairconditioning.ca/abbotsford-bc,Canada,unknown,hvac,city,unmapped,hvac_scores5b.csv
ventilationhitech.com,Canada,unknown,hvac,city,unmapped,hvac_fr_scores5.csv
whistlerrealestateagent.com,Canada,unknown,realtor,city,unmapped,realtor_scores.csv
